"ï»¿Section","Sub Section","Report Title","URL","Display Order"
"Bankruptcy Chapter 9","","Bond Purchase Agreement","https://www.detroitmi.gov/sites/detroitmi.localhost/files/migrated_docs/emergency-manager-reports/Bankruptcy%20Information/Bond%20Purchase%20Agreement.pdf",1
"Bankruptcy Chapter 9","","Settlement Details with Financial Guaranty Insurance Company","https://www.detroitmi.gov/sites/detroitmi.localhost/files/migrated_docs/emergency-manager-reports/Bankruptcy%20Information/FGICSettlement-1.pdf",2
"Bankruptcy Chapter 9","","City of Detroit Exit Finance Documents","https://www.detroitmi.gov/sites/detroitmi.localhost/files/migrated_docs/emergency-manager-reports/Bankruptcy%20Information/7167.pdf",3
"Bankruptcy Chapter 9","","Bus Tour of Detroit","https://www.detroitmi.gov/sites/detroitmi.localhost/files/migrated_docs/emergency-manager-reports//EmergencyManager/BankruptcyChapter9/BusTourofDetroit.aspx",4
"Bankruptcy Chapter 9","","Introductory Letter","https://www.detroitmi.gov/sites/detroitmi.localhost/files/migrated_docs/emergency-manager-reports/Bankruptcy%20Information/Introductory%20Letter.pdf",5
"Bankruptcy Chapter 9","","Indicative Term Sheet","https://www.detroitmi.gov/sites/detroitmi.localhost/files/migrated_docs/emergency-manager-reports/Bankruptcy%20Information/Indicative%20Term%20Sheet.pdf",6
"Bankruptcy Chapter 9","","Trust Indenture","https://www.detroitmi.gov/sites/detroitmi.localhost/files/migrated_docs/emergency-manager-reports/Bankruptcy%20Information/Trust%20Indenture.pdf",7
"Bankruptcy Chapter 9","","Ten-Year Financial Projections","https://www.detroitmi.gov/sites/detroitmi.localhost/files/migrated_docs/emergency-manager-reports/Bankruptcy%20Information/Ten-Year%20Financial%20Projections.pdf",8
"Bankruptcy Chapter 9","","Forty-Year Financial Projections","https://www.detroitmi.gov/sites/detroitmi.localhost/files/migrated_docs/emergency-manager-reports/Bankruptcy%20Information/Forty-Year%20Financial%20Projections.pdf",9
"Bankruptcy Chapter 9","","M. Kopacz Expert Report to Judge Rhodes 071814","https://www.detroitmi.gov/sites/detroitmi.localhost/files/migrated_docs/emergency-manager-reports/Bankruptcy%20Information/M.%20Kopacz%20Expert%20Report%20to%20Judge%20Rhodes%20071814.pdf",10
"Bankruptcy Chapter 9","","Expert Report - Buckfire Report","https://www.detroitmi.gov/sites/detroitmi.localhost/files/migrated_docs/emergency-manager-reports/Bankruptcy%20Information/1%20Detroit%20-%20Expert%20Report%20-Buckfire%20Report.pdf",11
"Bankruptcy Chapter 9","","Expert Report - CMM Expert Report and Exhibits","https://www.detroitmi.gov/sites/detroitmi.localhost/files/migrated_docs/emergency-manager-reports/Bankruptcy%20Information/2%20Detroit%20-%20Expert%20Report%20-%20CMM%20Expert%20Report%20and%20Exhibits.pdf",12
"Bankruptcy Chapter 9","","Expert Report - Expert Report of Gaurav Malhotra","https://www.detroitmi.gov/sites/detroitmi.localhost/files/migrated_docs/emergency-manager-reports/Bankruptcy%20Information/3%20Detroit%20-%20Expert%20Report%20-%20Expert%20Report%20of%20Gaurav%20Malhotra.pdf",13
"Bankruptcy Chapter 9","","Expert Report - FINAL - Exp Report - Perry","https://www.detroitmi.gov/sites/detroitmi.localhost/files/migrated_docs/emergency-manager-reports/Bankruptcy%20Information/4%20Detroit%20-%20Expert%20Report%20-%20FINAL%20-%20Exp%20Report%20-%20Perry1.pdf",14
"Bankruptcy Chapter 9","","Expert Report - Expert Report of Robert Cline","https://www.detroitmi.gov/sites/detroitmi.localhost/files/migrated_docs/emergency-manager-reports/Bankruptcy%20Information/5%20Detroit%20-%20Expert%20Report%20-%20Expert%20Report%20of%20Robert%20Cline1.pdf",15
"Bankruptcy Chapter 9","","Expert Report - Final Sallee Report with Exhibits","https://www.detroitmi.gov/sites/detroitmi.localhost/files/migrated_docs/emergency-manager-reports/Bankruptcy%20Information/6%20Detroit%20-%20Expert%20Report%20-%20Final%20Sallee%20Report%20with%20Exhibits.pdf",16
"Bankruptcy Chapter 9","","7 Detroit - Expert Report - FINAL - Exp Report - Taranto","https://www.detroitmi.gov/sites/detroitmi.localhost/files/migrated_docs/emergency-manager-reports/Bankruptcy%20Information/7%20Detroit%20-%20Expert%20Report%20-%20FINAL%20-%20Exp%20Report%20-%20Taranto.pdf",17
"Bankruptcy Chapter 9","","Expert Report - Hill Expert Report 3179550_9","https://www.detroitmi.gov/sites/detroitmi.localhost/files/migrated_docs/emergency-manager-reports/Bankruptcy%20Information/8%20Detroit%20-%20Expert%20Report%20-%20Hill%20Expert%20Report%203179550_9.pdf",18
"Bankruptcy Chapter 9","","Expert Report - Niblock Report","https://www.detroitmi.gov/sites/detroitmi.localhost/files/migrated_docs/emergency-manager-reports/Bankruptcy%20Information/9%20Detroit%20-%20Expert%20Report%20-%20Niblock%20Report.pdf",19
"Bankruptcy Chapter 9","","Expert Report - Expert Witness Report of M Plummer","https://www.detroitmi.gov/sites/detroitmi.localhost/files/migrated_docs/emergency-manager-reports/Bankruptcy%20Information/10%20Detroit%20-%20Expert%20Report%20-%20Expert%20Witness%20Report%20of%20M%20Plummer.pdf",20
"Bankruptcy Chapter 9","","Expert Report - Vanessa Fusco report Final","https://www.detroitmi.gov/sites/detroitmi.localhost/files/migrated_docs/emergency-manager-reports/Bankruptcy%20Information/11%20Detroit%20-%20Expert%20Report%20-%20Vanessa%20Fusco%20report%20Final.pdf",21
"Bankruptcy Chapter 9","","Expert Report - Expert Witness Report of M Plummer","https://www.detroitmi.gov/sites/detroitmi.localhost/files/migrated_docs/emergency-manager-reports/Bankruptcy%20Information/12%20Detroit%20-%20Export%20Report-%20Amended%20Satter%20Report.pdf",22
"Bankruptcy Chapter 9","","Notice of (I) Entry of Order Confirming Eighth Amended Plan for the Adjustment of Debts of the City of Detroit and (II) Occurrence of Effective Date","https://www.detroitmi.gov/sites/detroitmi.localhost/files/migrated_docs/emergency-manager-reports/Bankruptcy%20Information/8649.pdf",23
"Bankruptcy Chapter 9","","Eighth Amended Plan for the Adjustment of Debts of the City of Detroit","https://www.detroitmi.gov/sites/detroitmi.localhost/files/migrated_docs/emergency-manager-reports/Bankruptcy%20Information/Detroit%20-%20Eighth%20Amended%20Plan%20of%20Adjustment%208045.pdf",24
"Bankruptcy Chapter 9","","Eighth Amended Plan for the Adjustment of Debts of the City of Detroit (Tracked Changes)","https://www.detroitmi.gov/sites/detroitmi.localhost/files/migrated_docs/emergency-manager-reports/Bankruptcy%20Information/Detroit%20-%20Notice%20of%20Filing%20Redlines%20-%20Eighth%20Amended%20Plan%208046.pdf",25
"Bankruptcy Chapter 9","","Seventh Amended Plan for the Adjustment of Debts of the City of Detroit","https://www.detroitmi.gov/sites/detroitmi.localhost/files/migrated_docs/emergency-manager-reports/Bankruptcy%20Information/7502.pdf",26
"Bankruptcy Chapter 9","","Seventh Amended Plan for the Adjustment of Debts of the City of Detroit (Tracked Changes)","https://www.detroitmi.gov/sites/detroitmi.localhost/files/migrated_docs/emergency-manager-reports/Bankruptcy%20Information/7503.pdf",27
"Bankruptcy Chapter 9","","Sixth Amended Plan for the Adjustment of Debts of the City of Detroit","https://www.detroitmi.gov/sites/detroitmi.localhost/files/migrated_docs/emergency-manager-reports/Bankruptcy%20Information/6908.pdf",28
"Bankruptcy Chapter 9","","Sixth Amended Plan for the Adjustment of Debts of the City of Detroit (Tracked Changes)","https://www.detroitmi.gov/sites/detroitmi.localhost/files/migrated_docs/emergency-manager-reports/Bankruptcy%20Information/6910.pdf",29
"Bankruptcy Chapter 9","","Corrected Fifth Amended Plan for the Adjustment of Debts of the City of Detroit","https://www.detroitmi.gov/sites/detroitmi.localhost/files/migrated_docs/emergency-manager-reports/Bankruptcy%20Information/6379.pdf",30
"Bankruptcy Chapter 9","","Corrected Fifth Amended Plan for the Adjustment of Debts of the City of Detroit (Tracked Changes)","https://www.detroitmi.gov/sites/detroitmi.localhost/files/migrated_docs/emergency-manager-reports/Bankruptcy%20Information/6381.pdf",31
"Bankruptcy Chapter 9","","Fifth Amended Plan for the Adjustment of Debts for the City of Detroit","https://www.detroitmi.gov/sites/detroitmi.localhost/files/migrated_docs/emergency-manager-reports/Bankruptcy%20Information/6257.pdf",32
"Bankruptcy Chapter 9","","Fifth Amended Plan for the Adjustment of Debts for the City of Detroit (Tracked Changes)","https://www.detroitmi.gov/sites/detroitmi.localhost/files/migrated_docs/emergency-manager-reports/Bankruptcy%20Information/6258.pdf",33
"Bankruptcy Chapter 9","","Summary of Changes - Fifth Amended Plan for the Adjustment of Debts for the City of Detroit","https://www.detroitmi.gov/sites/detroitmi.localhost/files/migrated_docs/emergency-manager-reports/Bankruptcy%20Information/Summary%20of%20Changes%20-%20Fifth%20Amended.pdf",34
"Bankruptcy Chapter 9","","FOURTH AMENDED DISCLOSURE STATEMENT WITH RESPECT TO FOURTH AMENDED PLAN FOR THE ADJUSTMENT OF DEBTS OF THE CITY OF DETROIT","https://www.detroitmi.gov/sites/detroitmi.localhost/files/migrated_docs/emergency-manager-reports/Bankruptcy%20Information/Fourth%20Amended%20Disclosure%20Statement%20_%20Fourth%20Amended%20Plan%20for%20the%20Adjustment%20of%20Debts%20of%20the%20City%20of%20Detroit.pdf",35
"Bankruptcy Chapter 9","",""FOURTH AMENDED PLAN FOR THE ADJUSTMENT OF DEBTS OF THE CITY OF DETROIT (May 5"," 2014)"","https://www.detroitmi.gov/sites/detroitmi.localhost/files/migrated_docs/emergency-manager-reports/Bankruptcy%20Information/Fourth%20Amended%20Plan%20for%20the%20Adjustment%20of%20Debts%20of%20the%20City%20of%20Detroit%205_5_14.pdf",36
"Bankruptcy Chapter 9","","THIRD AMENDED DISCLOSURE STATEMENT WITH RESPECT TO THIRD AMENDED PLAN FOR THE ADJUSTMENT OF DEBTS OF THE CITY OF DETROIT","https://www.detroitmi.gov/sites/detroitmi.localhost/files/migrated_docs/emergency-manager-reports/Bankruptcy%20Information/Third%20Amended%20Disclosure%20Statement%20_Third%20Amended%20Plan%20for%20the%20Adjustment%20of%20Debts%20of%20the%20City%20of%20D.pdf",37
"Bankruptcy Chapter 9","",""THIRD AMENDED PLAN FOR THE ADJUSTMENT OF DEBTS OF THE CITY OF DETROIT (April 25"," 2014)"","https://www.detroitmi.gov/sites/detroitmi.localhost/files/migrated_docs/emergency-manager-reports/Bankruptcy%20Information/Third%20Amended%20Plan%20for%20the%20Adjustment%20of%20Debts%20of%20the%20City%20of%20Detroit%204_25_14.pdf",38
"Bankruptcy Chapter 9","","SECOND AMENDED DISCLOSURE STATEMENT WITH RESPECT TO SECOND AMENDED PLAN FOR THE ADJUSTMENT OF DEBTS OF THE CITY OF DETROIT","https://www.detroitmi.gov/sites/detroitmi.localhost/files/migrated_docs/emergency-manager-reports/Bankruptcy%20Information/Second%20Amended%20Disclosure%20Statement%20_Second%20Amended%20Plan%20for%20the%20Adjustment%20of%20Debts%20of%20the%20City%20of.pdf",39
"Bankruptcy Chapter 9","",""SECOND AMENDED PLAN FOR THE ADJUSTMENT OF DEBTS OF THE CITY OF DETROIT (April 16"," 2014)"","https://www.detroitmi.gov/sites/detroitmi.localhost/files/migrated_docs/emergency-manager-reports/Bankruptcy%20Information/Second%20Amended%20Plan%20for%20the%20Adjustment%20of%20Debts%20of%20the%20City%20of%20Detroit.pdf",40
"Bankruptcy Chapter 9","","AMENDED DISCLOSURE STATEMENT WITH RESPECT TO AMENDED PLAN FOR THE ADJUSTMENT OF DEBTS OF THE CITY OF DETROIT","https://www.detroitmi.gov/sites/detroitmi.localhost/files/migrated_docs/emergency-manager-reports/Bankruptcy%20Information/Amended%20Disclosure%20Statement.pdf",41
"Bankruptcy Chapter 9","",""AMENDED PLAN FOR THE ADJUSTMENT OF DEBTS OF THE CITY OF DETROIT (March  31"," 2014)"","https://www.detroitmi.gov/sites/detroitmi.localhost/files/migrated_docs/emergency-manager-reports/Bankruptcy%20Information/Amended%20Plan%20of%20Adjustment.pdf",42
"Bankruptcy Chapter 9","",""MOTION OF DEBTOR FOR ENTRY OF AN ORDER"," PURSUANT TO SECTION 105(a) OF THE BANKRUPTCY CODE AND BANKRUPTCY RULE 9019"," APPROVING A SETTLEMENT AND PLAN SUPPORT AGREEMENT AND GRANTING RELATED RELIEF"","https://www.detroitmi.gov/sites/detroitmi.localhost/files/migrated_docs/emergency-manager-reports/Bankruptcy%20Information/SWAPs_Settlement_Motion9019.pdf",43
"Bankruptcy Chapter 9","","Summary of Plan of Adjustment","https://www.detroitmi.gov/sites/detroitmi.localhost/files/migrated_docs/emergency-manager-reports/Bankruptcy%20Information/Summary_PlanOfAdjustment.pdf",44
"Bankruptcy Chapter 9","","Disclosure Statment with Respect to Plan for the Adjustment of Debts of the City of Detroit","https://www.detroitmi.gov/sites/detroitmi.localhost/files/migrated_docs/emergency-manager-reports/Bankruptcy%20Information/Disclosure%20Statement%20_Plan%20for%20the%20Adjustment%20of%20Debts%20of%20the%20City%20of%20Detroit.pdf",45
"Bankruptcy Chapter 9","",""Plan for the Adjustment of Debts of the City of Detroit  (February 21"," 2014)"","https://www.detroitmi.gov/sites/detroitmi.localhost/files/migrated_docs/emergency-manager-reports/Bankruptcy%20Information/Plan%20for%20the%20Adjustment%20of%20Debts%20of%20the%20City%20of%20Detroit.pdf",46
"Bankruptcy Chapter 9","","City of Detroit Files Plan of Adjustment and Related Disclosure Statement","https://www.detroitmi.gov/sites/detroitmi.localhost/files/migrated_docs/emergency-manager-reports//News/tabid/3196/ctl/ReadDefault/mid/4561/ArticleId/417/Default.aspx",47
"Bankruptcy Chapter 9","","Fee Examiner's Fourth Quarterly Report (April - June 2014) - Part 1 of 2","https://www.detroitmi.gov/sites/detroitmi.localhost/files/migrated_docs/emergency-manager-reports/Bankruptcy%20Information/Fee%20Examiners%20Fourth%20Quarterly%20Report%20%28April%20-%20June%202014%29%20-%20Part%201%20of%202_1.pdf",48
"Bankruptcy Chapter 9","","Fee Examiner's Fourth Quarterly Report (April - June 2014) - Part 2 of 2","https://www.detroitmi.gov/sites/detroitmi.localhost/files/migrated_docs/emergency-manager-reports/Bankruptcy%20Information/Fee%20Examiners%20Fourth%20Quarterly%20Report%20%28April%20-%20June%202014%29%20-%20Part%202%20of%202_1.pdf",49
"Bankruptcy Chapter 9","",""Fee Examiner 3rd Quarterly Report (January"," February"," March 2014)"","https://www.detroitmi.gov/sites/detroitmi.localhost/files/migrated_docs/emergency-manager-reports/Bankruptcy%20Information/Fee%20Examiners%203rd%20Quarterly%20Report.pdf",50
"Bankruptcy Chapter 9","",""Fee Examiner 2nd Quarterly Report (October"," November"," December 2013)"","https://www.detroitmi.gov/sites/detroitmi.localhost/files/migrated_docs/emergency-manager-reports/Bankruptcy%20Information/Fee%20Examiners%202nd%20Quarterly%20Report.pdf",51
"Bankruptcy Chapter 9","","Fee Examiner's 1st Supplemental Quartterly Report","https://www.detroitmi.gov/sites/detroitmi.localhost/files/migrated_docs/emergency-manager-reports/Bankruptcy%20Information/Fee%20Examiner%27s%201st%20Supplemental%20Quarterly%20Report.pdf",52
"Bankruptcy Chapter 9","",""Fee Examiner 1st Quarterly Report (July"," August"," September 2013)"","https://www.detroitmi.gov/sites/detroitmi.localhost/files/migrated_docs/emergency-manager-reports/Bankruptcy%20Information/Fee%20Examiners%201st%20Quarterly%20Report.pdf",53
"Bankruptcy Chapter 9","","Fee Examiner","https://www.detroitmi.gov/sites/detroitmi.localhost/files/migrated_docs/emergency-manager-reports/Bankruptcy%20Information/Notice%20Of%20Filing%20Of%20FE%20Invoice%20For%20August%202013%20_as%20filed_%20A0356232.pdf",54
"Bankruptcy Chapter 9","","Proof of Claim Form","https://www.detroitmi.gov/sites/detroitmi.localhost/files/migrated_docs/emergency-manager-reports/Bankruptcy%20Information/Proof%20of%20Claim%20Form.pdf",55
"Plan of Adjustments","","Combined Plan for General Retirement Systems","https://www.detroitmi.gov/sites/detroitmi.localhost/files/migrated_docs/emergency-manager-reports/COMBINED%20PLAN%20_%20General%20Retirement%20Systems.pdf",56
"Plan of Adjustments","","GRS Pension Presentation to Employees","https://www.detroitmi.gov/sites/detroitmi.localhost/files/migrated_docs/emergency-manager-reports/GRS%20Pension%20Presentation%20to%20Employees%20-%20Updated%20May%2029%202014.pdf",57
"Plan of Adjustments","","GRS Pension Fact Sheet","https://www.detroitmi.gov/sites/detroitmi.localhost/files/migrated_docs/emergency-manager-reports/GRS%20Pension%20Fact%20Sheet.pdf",58
"Plan of Adjustments","","GRS Pension Frequently Asked Questions","https://www.detroitmi.gov/sites/detroitmi.localhost/files/migrated_docs/emergency-manager-reports/GRS%20Pension%20Frequently%20Asked%20Questions.pdf",59
"Plan of Adjustments","","GRS Frequently Asked Questions on Lump Sum Payback Option","https://www.detroitmi.gov/sites/detroitmi.localhost/files/migrated_docs/emergency-manager-reports/GRS/GRS%20Frequently%20Asked%20Questions%20on%20Lump%20Sum%20Payback%20Option.pdf",60
"Plan of Adjustments","","GRS Frequently Asked Questions on Sick Leave Banks","https://www.detroitmi.gov/sites/detroitmi.localhost/files/migrated_docs/emergency-manager-reports/GRS/GRS%20Frequently%20Asked%20Questions%20on%20Sick%20Leave%20Banks.pdf",61
"Plan of Adjustments","","GRS Sick Leave Election Form","https://www.detroitmi.gov/sites/detroitmi.localhost/files/migrated_docs/emergency-manager-reports/GRS/GRS%20Sick%20Leave%20Election%20Form.pdf",62
"Plan of Adjustments","","Combined Plan for Police and Fire Retirement Systems","https://www.detroitmi.gov/sites/detroitmi.localhost/files/migrated_docs/emergency-manager-reports/COMBINED%20PLAN%20_%20Police%20and%20Fire%20Retirement%20Systems.pdf",63
"Plan of Adjustments","","PFRS Frequently Asked Questions on Sick Leave Bank","https://www.detroitmi.gov/sites/detroitmi.localhost/files/migrated_docs/emergency-manager-reports/PFRS/PFRS%20Frequently%20Asked%20Questions%20on%20Sick%20Leave%20Banks.pdf",64
"Plan of Adjustments","","PFRS Frequently Asked Question","https://www.detroitmi.gov/sites/detroitmi.localhost/files/migrated_docs/emergency-manager-reports/PFRS/PFRS%20Frequently%20Asked%20Questions.pdf",65
"Plan of Adjustments","","PFRS Sick Leave Election Form","https://www.detroitmi.gov/sites/detroitmi.localhost/files/migrated_docs/emergency-manager-reports/PFRS/PFRS%20Sick%20Leave%20Election%20Form.pdf",66
"Plan of Adjustments","","Active Employee Health Care Plan","https://www.detroitmi.gov/sites/detroitmi.localhost/files/migrated_docs/emergency-manager-reports/Reports/Active%20Employee%20Health%20Care%20Plan.pdf",67
"Plan of Adjustments","","Retiree Health Care Plan","https://www.detroitmi.gov/sites/detroitmi.localhost/files/migrated_docs/emergency-manager-reports/http: Reports/Retiree%20Health%20Care%20Plan.pdf",68
"EM Community Meeting June 2013","","EM Community Meeting Part 1","https://www.detroitmi.gov/sites/detroitmi.localhost/files/migrated_docs/emergency-manager-reports/https://www.youtube.com/watch?x-yt-cl=84838260"v=XTidjiY6xGU&x-yt-ts=1422327029#t=13",69
"EM Community Meeting June 2013","","EM Community Meeting Part 2","https://www.detroitmi.gov/sites/detroitmi.localhost/files/migrated_docs/emergency-manager-reports/https://www.youtube.com/watch?v=UjYSi3Pkylk"x-yt-cl=84838260&x-yt-ts=1422327029",70
"EM Community Meeting June 2013","","EM Community Meeting Part 3","https://www.detroitmi.gov/sites/detroitmi.localhost/files/migrated_docs/emergency-manager-reports/https://www.youtube.com/watch?v=B3K9CZnIpws"x-yt-ts=1422327029&x-yt-cl=84838260",71
"EM Community Meeting June 2013","","EM Community Meeting Part 4","https://www.detroitmi.gov/sites/detroitmi.localhost/files/migrated_docs/emergency-manager-reports/https://www.youtube.com/watch?v=TKkiG0XW9Qc"x-yt-ts=1422327029&x-yt-cl=84838260",72
"Emergency Manager Announcements","","Notice of (I) Entry of Order Confirming Eighth Amended Plan for the Adjustment of Debts of the City of Detroit and (II) Occurrence of Effective Date","https://www.detroitmi.gov/sites/detroitmi.localhost/files/migrated_docs/emergency-manager-reports/Bankruptcy%20Information/8649.pdf",73
"Emergency Manager Announcements","","Plan of Adjustment Decision Video","https://www.detroitmi.gov/sites/detroitmi.localhost/files/migrated_docs/emergency-manager-reports/https://www.youtube.com/watch?x-yt-ts=1421914688"v=91xX8V1Uh7w&x-yt-cl=84503534&list=UUDz_bbFVz83cELpI-gJrrcw#t=21",74
"Emergency Manager Announcements","",""City Prepares to Move to New"," Hybrid Pension Plan for Employees July 1"","https://www.detroitmi.gov/sites/detroitmi.localhost/files/migrated_docs/emergency-manager-reports//News/tabid/3196/ctl/ReadDefault/mid/4561/ArticleId/482/Default.aspx",75
"Emergency Manager Announcements","","Presentation to House Committee on Detroit's Recovery and Michigan's Future","https://www.detroitmi.gov/sites/detroitmi.localhost/files/migrated_docs/emergency-manager-reports/Announcements/POA%20summary-House%20presentation.pdf",76
"Emergency Manager Announcements","","Proposed Triennial City Budget 2015-2017","https://www.detroitmi.gov/sites/detroitmi.localhost/files/migrated_docs/emergency-manager-reports/Announcements/City%20of%20Detroit%20FY%202015-17%20Triennial%20Budget.pdf",77
"Emergency Manager Announcements","","Summary of Plan of Adjustment","https://www.detroitmi.gov/sites/detroitmi.localhost/files/migrated_docs/emergency-manager-reports/Announcements/Summary_PlanOfAdjustment.pdf",78
"Emergency Manager Announcements","","Important Notice to all City Retirees Not Enrolled in Medicare","https://www.detroitmi.gov/sites/detroitmi.localhost/files/migrated_docs/emergency-manager-reports/Announcements/IMPORTANT%20NOTICE%20TO%20ALL%20CITY%20RETIREES%20NOT%20ELIGIBLE%20FOR%20MEDIC_.pdf",79
"Emergency Manager Announcements","","Finance Department Announcement","https://www.detroitmi.gov/sites/detroitmi.localhost/files/migrated_docs/emergency-manager-reports/Announcements/Finance%20Dept.%20Annoucements.pdf",80
"Emergency Manager Reports","Kevin Orr Depositions","Deposition of Emergency Manager Kevyn Orr Regarding Proposed Pension 'Swaps' Settlement","https://www.detroitmi.gov/sites/detroitmi.localhost/files/migrated_docs/emergency-manager-reports/Reports/OrrDeposition123113.pdf",81
"Emergency Manager Reports","Kevin Orr Depositions",""9/16/13 - Kevyn Orr 2nd Deposition in the matter of City of Detroit"," 13-53846 in the United States Bankruptcy Court of the Eastern District of Michigan"","https://www.detroitmi.gov/sites/detroitmi.localhost/files/migrated_docs/emergency-manager-reports/Reports/KEVYN%20ORR%20%20%2009-16-2013.miniprint.pdf",82
"Emergency Manager Reports","Kevin Orr Depositions","Kevyn Orr Deposition","https://www.detroitmi.gov/sites/detroitmi.localhost/files/migrated_docs/emergency-manager-reports/Reports/ORR_KEVYN_4PP.pdf",83
"Emergency Manager Reports","Kevin Orr Depositions","Kenneth Buckfire Deposition","https://www.detroitmi.gov/sites/detroitmi.localhost/files/migrated_docs/emergency-manager-reports/Reports/BUCKFIRE_KENNETH_4PP.pdf",84
"Emergency Manager Reports","Hardest Hit Funds","Hardest Hit Funds Strategic Plan","https://www.detroitmi.gov/sites/detroitmi.localhost/files/migrated_docs/emergency-manager-reports/Reports/Hardest%20Hit%20Funds%20Strategic%20Plan.pdf",85
"Emergency Manager Reports","Hardest Hit Funds","Hardest Hit Funds Strategic Plan (Maps)","https://www.detroitmi.gov/sites/detroitmi.localhost/files/migrated_docs/emergency-manager-reports/Reports/Hardest%20Hit%20Funds%20Strategic%20Plan%20-%20Maps.pdf",86
"Emergency Manager Reports","Hardest Hit Funds","Hardest Hit Funds Strategic Plan (List of Properties)","https://www.detroitmi.gov/sites/detroitmi.localhost/files/migrated_docs/emergency-manager-reports/Reports/Hardest%20Hit%20Funds%20Strategic%20Plan%20-%20List%20of%20Properties.pdf",87
"Emergency Manager Reports","Planning and Development Department - Housing and Revitalization Department","Housing and Revitalization November 2016 Report","https://www.detroitmi.gov/sites/detroitmi.localhost/files/migrated_docs/emergency-manager-reports/PD_HRD/HRD_Report-Nov-2016.pdf",88
"Emergency Manager Reports","Planning and Development Department - Housing and Revitalization Department","Housing and Revitalization October 2016 Report","https://www.detroitmi.gov/sites/detroitmi.localhost/files/migrated_docs/emergency-manager-reports/PD_HRD/HRD-Report-Oct-2016.pdf",89
"Emergency Manager Reports","Planning and Development Department - Housing and Revitalization Department","Housing and Revitalization September 2016 Report","https://www.detroitmi.gov/sites/detroitmi.localhost/files/migrated_docs/emergency-manager-reports/PD_HRD/HRD_Report-Sep-2016.pdf",90
"Emergency Manager Reports","Planning and Development Department - Housing and Revitalization Department","Housing and Revitalization August 2016 Report","https://www.detroitmi.gov/sites/detroitmi.localhost/files/migrated_docs/emergency-manager-reports/PD_HRD/HRD_Report-Aug-2016.pdf",91
"Emergency Manager Reports","Planning and Development Department - Housing and Revitalization Department","Housing and Revitalization July 2016 Report","https://www.detroitmi.gov/sites/detroitmi.localhost/files/migrated_docs/emergency-manager-reports/PD_HRD/HRD_Report-July-2016.pdf",92
"Emergency Manager Reports","Planning and Development Department - Housing and Revitalization Department","Housing and Revitalization June 2016 Report","https://www.detroitmi.gov/sites/detroitmi.localhost/files/migrated_docs/emergency-manager-reports/PD_HRD/HRD_Report-June-2016.pdf",93
"Emergency Manager Reports","Planning and Development Department - Housing and Revitalization Department","Housing and Revitalization May 2016 Report","https://www.detroitmi.gov/sites/detroitmi.localhost/files/migrated_docs/emergency-manager-reports/PD_HRD/HRD_Report-May-2016.pdf",94
"Emergency Manager Reports","Planning and Development Department - Housing and Revitalization Department","Housing and Revitalization April 2016 Report","https://www.detroitmi.gov/sites/detroitmi.localhost/files/migrated_docs/emergency-manager-reports/PD_HRD/HRD_Report-April-2016.pdf",95
"Emergency Manager Reports","Planning and Development Department - Housing and Revitalization Department","Housing and Revitalization March 2016 Report","https://www.detroitmi.gov/sites/detroitmi.localhost/files/migrated_docs/emergency-manager-reports/PD_HRD/HRD_Report-March-2016.pdf",96
"Emergency Manager Reports","Planning and Development Department - Housing and Revitalization Department","Housing and Revitalization February 2016 Report","https://www.detroitmi.gov/sites/detroitmi.localhost/files/migrated_docs/emergency-manager-reports/PD_HRD/HRD_Report-Feb-2016.pdf",97
"Emergency Manager Reports","Planning and Development Department - Housing and Revitalization Department","Housing and Revitalization January 2016 Report","https://www.detroitmi.gov/sites/detroitmi.localhost/files/migrated_docs/emergency-manager-reports/PD_HRD/HRD_Report-Jan-2016.pdf",98
"Emergency Manager Reports","Planning and Development Department - Housing and Revitalization Department","Housing and Revitalization December 2015 Report","https://www.detroitmi.gov/sites/detroitmi.localhost/files/migrated_docs/emergency-manager-reports/PD_HRD/HRD_Report-Dec-2015.pdf",99
"Emergency Manager Reports","Planning and Development Department - Housing and Revitalization Department","Housing and Revitalization June 2015 Restructuring Report","https://www.detroitmi.gov/sites/detroitmi.localhost/files/migrated_docs/emergency-manager-reports/June 2015 DeptHandR Restructuring Report.pdf",100
"Emergency Manager Reports","Planning and Development Department - Housing and Revitalization Department",""May 2015 Report - Submitted June 15"," 2015"","https://www.detroitmi.gov/sites/detroitmi.localhost/files/migrated_docs/emergency-manager-reports/PD_HRD/PDD_HRD_May.pdf",101
"Emergency Manager Reports","Planning and Development Department - Housing and Revitalization Department",""February 2015 Report - Submitted March 15"," 2015 .pdf"","https://www.detroitmi.gov/sites/detroitmi.localhost/files/migrated_docs/emergency-manager-reports/PD_HRD/PDD_HRD_031615.pdf",102
"Emergency Manager Reports","Planning and Development Department - Housing and Revitalization Department",""January 2015 Report - Submitted February 15"," 2015"","https://www.detroitmi.gov/sites/detroitmi.localhost/files/migrated_docs/emergency-manager-reports/PD_HRD/PDD_HRD_021615.pdf",103
"Emergency Manager Reports","Planning and Development Department - Housing and Revitalization Department",""December 2014 Report - Submitted January 15"," 2015"","https://www.detroitmi.gov/sites/detroitmi.localhost/files/migrated_docs/emergency-manager-reports/PD_HRD/PDD_HRD_011515b.pdf",104
"Emergency Manager Reports","Planning and Development Department - Housing and Revitalization Department",""November 2014 Report - Submitted December 12"," 2014"","https://www.detroitmi.gov/sites/detroitmi.localhost/files/migrated_docs/emergency-manager-reports/PD_HRD/PDD_HRD_121514.pdf",105
"Emergency Manager Reports","Planning and Development Department - Housing and Revitalization Department","Planning and Development and Housing and Revitalization Departments Restructuring","https://www.detroitmi.gov/sites/detroitmi.localhost/files/migrated_docs/emergency-manager-reports/Reports/PDD_Final.pdf",106
"Emergency Manager Reports","Office of Chief Financial Officer","Office of Chief Financial Officer March 2018 Update","https://www.detroitmi.gov/sites/detroitmi.localhost/files/migrated_docs/emergency-manager-reports/OCFO/OCFO_031918.pdf",107
"Emergency Manager Reports","Office of Chief Financial Officer","Office of Chief Financial Officer February 2018 Update","https://www.detroitmi.gov/sites/detroitmi.localhost/files/migrated_docs/emergency-manager-reports/OCFO/OCFO_021518.pdf",108
"Emergency Manager Reports","Office of Chief Financial Officer","Office of Chief Financial Officer January 2018 Update","https://www.detroitmi.gov/sites/detroitmi.localhost/files/migrated_docs/emergency-manager-reports/OCFO/OCFO_011518.pdf",109
"Emergency Manager Reports","Office of Chief Financial Officer","Office of Chief Financial Officer December 2017 Update","https://www.detroitmi.gov/sites/detroitmi.localhost/files/migrated_docs/emergency-manager-reports/OCFO/OCFO_012218.pdf",110
"Emergency Manager Reports","Office of Chief Financial Officer","Office of Chief Financial Officer November 2017 Update","https://www.detroitmi.gov/sites/detroitmi.localhost/files/migrated_docs/emergency-manager-reports/OCFO/OCFO_121517.pdf",111
"Emergency Manager Reports","Office of Chief Financial Officer","Office of Chief Financial Officer October 2017 Update","https://www.detroitmi.gov/sites/detroitmi.localhost/files/migrated_docs/emergency-manager-reports/OCFO/OCFO_111517.pdf",112
"Emergency Manager Reports","Office of Chief Financial Officer","Office of Chief Financial Officer September 2017 Update","https://www.detroitmi.gov/sites/detroitmi.localhost/files/migrated_docs/emergency-manager-reports/OCFO/OCFO_101517.pdf",113
"Emergency Manager Reports","Office of Chief Financial Officer","Office of Chief Financial Officer August 2017 Update","https://www.detroitmi.gov/sites/detroitmi.localhost/files/migrated_docs/emergency-manager-reports/OCFO/OCFO_091517.pdf",114
"Emergency Manager Reports","Office of Chief Financial Officer","Office of Chief Financial Officer July 2017 Update","https://www.detroitmi.gov/sites/detroitmi.localhost/files/migrated_docs/emergency-manager-reports/OCFO/OCFO_081517.pdf",115
"Emergency Manager Reports","Office of Chief Financial Officer","Office of Chief Financial Officer June 2017 Update","https://www.detroitmi.gov/sites/detroitmi.localhost/files/migrated_docs/emergency-manager-reports/OCFO/OCFO_071517.pdf",116
"Emergency Manager Reports","Office of Chief Financial Officer","Office of Chief Financial Officer May 2017 Update","https://www.detroitmi.gov/sites/detroitmi.localhost/files/migrated_docs/emergency-manager-reports/OCFO/OCFO_061517.pdf",117
"Emergency Manager Reports","Office of Chief Financial Officer","Office of Chief Financial Officer April 2017 Update","https://www.detroitmi.gov/sites/detroitmi.localhost/files/migrated_docs/emergency-manager-reports/OCFO/OCFO_051517.pdf",118
"Emergency Manager Reports","Office of Chief Financial Officer","Office of Chief Financial Officer March 2017 Update","https://www.detroitmi.gov/sites/detroitmi.localhost/files/migrated_docs/emergency-manager-reports/OCFO/OCFO_041517.pdf",119
"Emergency Manager Reports","Office of Chief Financial Officer","Office of Chief Financial Officer February 2017 Update","https://www.detroitmi.gov/sites/detroitmi.localhost/files/migrated_docs/emergency-manager-reports/OCFO/OCFO_031517.pdf",120
"Emergency Manager Reports","Office of Chief Financial Officer","Office of Chief Financial Officer January 2017 Update","https://www.detroitmi.gov/sites/detroitmi.localhost/files/migrated_docs/emergency-manager-reports/OCFO/OCFO_021517.pdf",121
"Emergency Manager Reports","Office of Chief Financial Officer","Office of Chief Financial Officer December 2016 Update","https://www.detroitmi.gov/sites/detroitmi.localhost/files/migrated_docs/emergency-manager-reports/OCFO/OCFO_011517.pdf",122
"Emergency Manager Reports","Office of Chief Financial Officer","Office of Chief Financial Officer November 2016 Update","https://www.detroitmi.gov/sites/detroitmi.localhost/files/migrated_docs/emergency-manager-reports/OCFO/OCFO_121516.pdf",123
"Emergency Manager Reports","Office of Chief Financial Officer","Office of Chief Financial Officer October 2016 Update","https://www.detroitmi.gov/sites/detroitmi.localhost/files/migrated_docs/emergency-manager-reports/OCFO/OCFO_111516.pdf",124
"Emergency Manager Reports","Office of Chief Financial Officer","Office of Chief Financial Officer September 2016 Update","https://www.detroitmi.gov/sites/detroitmi.localhost/files/migrated_docs/emergency-manager-reports/OCFO/OCFO_101516.pdf",125
"Emergency Manager Reports","Office of Chief Financial Officer","Office of Chief Financial Officer August 2016 Update","https://www.detroitmi.gov/sites/detroitmi.localhost/files/migrated_docs/emergency-manager-reports/OCFO/OCFO_091516.pdf",126
"Emergency Manager Reports","Office of Chief Financial Officer","Office of Chief Financial Officer July 2016 Update","https://www.detroitmi.gov/sites/detroitmi.localhost/files/migrated_docs/emergency-manager-reports/OCFO/OCFO_081516.pdf",127
"Emergency Manager Reports","Office of Chief Financial Officer","Office of Chief Financial Officer June 2016 Update","https://www.detroitmi.gov/sites/detroitmi.localhost/files/migrated_docs/emergency-manager-reports/OCFO/OCFO_071516.pdf",128
"Emergency Manager Reports","Office of Chief Financial Officer","Office of Chief Financial Officer May 2016 Update","https://www.detroitmi.gov/sites/detroitmi.localhost/files/migrated_docs/emergency-manager-reports/OCFO/OCFO_061516.pdf",129
"Emergency Manager Reports","Office of Chief Financial Officer","Office of Chief Financial Officer April 2016 Update","https://www.detroitmi.gov/sites/detroitmi.localhost/files/migrated_docs/emergency-manager-reports/OCFO/OCFO_051516.pdf",130
"Emergency Manager Reports","Office of Chief Financial Officer","Office of Chief Financial Officer March 2016 Update","https://www.detroitmi.gov/sites/detroitmi.localhost/files/migrated_docs/emergency-manager-reports/OCFO/OCFO_041516.pdf",131
"Emergency Manager Reports","Office of Chief Financial Officer","Office of Chief Financial Officer February 2016 Update","https://www.detroitmi.gov/sites/detroitmi.localhost/files/migrated_docs/emergency-manager-reports/OCFO/OCFO_031516.pdf",132
"Emergency Manager Reports","Office of Chief Financial Officer","Office of Chief Financial Officer January 2016 Update","https://www.detroitmi.gov/sites/detroitmi.localhost/files/migrated_docs/emergency-manager-reports/OCFO/OCFO_021516.pdf",133
"Emergency Manager Reports","Office of Chief Financial Officer","Office of Chief Financial Officer December 2015 Update","https://www.detroitmi.gov/sites/detroitmi.localhost/files/migrated_docs/emergency-manager-reports/OCFO/OCFO_011516.pdf",134
"Emergency Manager Reports","Office of Chief Financial Officer","Office of Chief Financial Officer November 2015 Update","https://www.detroitmi.gov/sites/detroitmi.localhost/files/migrated_docs/emergency-manager-reports/OCFO/OCFO_121515.pdf",135
"Emergency Manager Reports","Office of Chief Financial Officer","Office of Chief Financial Officer October 2015 Update","https://www.detroitmi.gov/sites/detroitmi.localhost/files/migrated_docs/emergency-manager-reports/OCFO/OCFO_111515.pdf",136
"Emergency Manager Reports","Office of Chief Financial Officer","Office of Chief Financial Officer September 2015 Update","https://www.detroitmi.gov/sites/detroitmi.localhost/files/migrated_docs/emergency-manager-reports/OCFO/OCFO_101515.pdf",137
"Emergency Manager Reports","Office of Chief Financial Officer","Office of Chief Financial Officer August 2015 Update","https://www.detroitmi.gov/sites/detroitmi.localhost/files/migrated_docs/emergency-manager-reports/OCFO/OCFO_091515.pdf",138
"Emergency Manager Reports","Office of Chief Financial Officer","Office of Chief Financial Officer July 2015 Update","https://www.detroitmi.gov/sites/detroitmi.localhost/files/migrated_docs/emergency-manager-reports/OCFO/OCFO_081515.pdf",139
"Emergency Manager Reports","Office of Chief Financial Officer","Office of Chief Financial Officer June Restructuring Report","https://www.detroitmi.gov/sites/detroitmi.localhost/files/migrated_docs/emergency-manager-reports/June%202015%20OCFO%20Restructuring%20Report.pdf",140
"Emergency Manager Reports","Office of Chief Financial Officer","Office of Chief Financial Officer May 2015 Update","https://www.detroitmi.gov/sites/detroitmi.localhost/files/migrated_docs/emergency-manager-reports/OCFO/OCFO_061515.pdf",141
"Emergency Manager Reports","Office of Chief Financial Officer","Office of Chief Financial Officer April 2015 Update","https://www.detroitmi.gov/sites/detroitmi.localhost/files/migrated_docs/emergency-manager-reports/OCFO/OCFO_051515.pdf",142
"Emergency Manager Reports","Office of Chief Financial Officer","Office of Chief Financial Officer March 2015 Update","https://www.detroitmi.gov/sites/detroitmi.localhost/files/migrated_docs/emergency-manager-reports/OCFO/OCFO_041515.pdf",143
"Emergency Manager Reports","Office of Chief Financial Officer","Office of Chief Financial Officer February 2015 Update","https://www.detroitmi.gov/sites/detroitmi.localhost/files/migrated_docs/emergency-manager-reports/OCFO/OCFO_031615.pdf",144
"Emergency Manager Reports","Office of Chief Financial Officer","Office of Chief Financial Officer January 2015 Update","https://www.detroitmi.gov/sites/detroitmi.localhost/files/migrated_docs/emergency-manager-reports/OCFO/OCFO_021515.pdf",145
"Emergency Manager Reports","Office of Chief Financial Officer","Office of Chief Financial Officer December 2014 Update","https://www.detroitmi.gov/sites/detroitmi.localhost/files/migrated_docs/emergency-manager-reports/OCFO/OCFO_011515.pdf",146
"Emergency Manager Reports","Office of Chief Financial Officer","Office of Chief Financial Officer November 2014 Update","https://www.detroitmi.gov/sites/detroitmi.localhost/files/migrated_docs/emergency-manager-reports/OCFO/OCFO_121514.pdf",147
"Emergency Manager Reports","Office of Chief Financial Officer","Office of the Chief Financial Offcer Restructuring","https://www.detroitmi.gov/sites/detroitmi.localhost/files/migrated_docs/emergency-manager-reports/Reports/OCFO_Final.pdf",148
"Emergency Manager Reports","Human Resources Department","Human Resources February 2017 Report","https://www.detroitmi.gov/sites/detroitmi.localhost/files/migrated_docs/emergency-manager-reports/HR/EmergencyManagerNumber40-February2017.pdf",149
"Emergency Manager Reports","Human Resources Department","Human Resources November 2016 Report","https://www.detroitmi.gov/sites/detroitmi.localhost/files/migrated_docs/emergency-manager-reports/HR/EmergencyManagerNumber40-December2016.pdf",150
"Emergency Manager Reports","Human Resources Department","Human Resources October 2016 Report","https://www.detroitmi.gov/sites/detroitmi.localhost/files/migrated_docs/emergency-manager-reports/HR/Emergency-Manager-Number-40-November-2016.pdf",151
"Emergency Manager Reports","Human Resources Department","Human Resources September 2016 Report","https://www.detroitmi.gov/sites/detroitmi.localhost/files/migrated_docs/emergency-manager-reports/HR/EmergencyManagerNumber40-September2016.pdf",152
"Emergency Manager Reports","Human Resources Department","Human Resources August 2016 Report","https://www.detroitmi.gov/sites/detroitmi.localhost/files/migrated_docs/emergency-manager-reports/HR/EmergencyManagerNumber40-August2015.pdf",153
"Emergency Manager Reports","Human Resources Department","Human Resources July 2016 Report","https://www.detroitmi.gov/sites/detroitmi.localhost/files/migrated_docs/emergency-manager-reports/HR/EmergencyManagerNumber40-July2016.pdf",154
"Emergency Manager Reports","Human Resources Department","Human Resources June 2016 Report","https://www.detroitmi.gov/sites/detroitmi.localhost/files/migrated_docs/emergency-manager-reports/HR/EmergencyManagerNumber40-June2016.pdf",155
"Emergency Manager Reports","Human Resources Department","Human Resources May 2016 Report","https://www.detroitmi.gov/sites/detroitmi.localhost/files/migrated_docs/emergency-manager-reports/HR/EmergencyManagerNumber40-May2016.pdf",156
"Emergency Manager Reports","Human Resources Department","Human Resources April 2016 Report","https://www.detroitmi.gov/sites/detroitmi.localhost/files/migrated_docs/emergency-manager-reports/HR/EmergencyManagerNumber40-April2016.pdf",157
"Emergency Manager Reports","Human Resources Department","Human Resources March 2016 Report","https://www.detroitmi.gov/sites/detroitmi.localhost/files/migrated_docs/emergency-manager-reports/HR/EmergencyManagerNumber40-March2016.pdf",158
"Emergency Manager Reports","Human Resources Department","Human Resources February 2016 Report","https://www.detroitmi.gov/sites/detroitmi.localhost/files/migrated_docs/emergency-manager-reports/HR/EmergencyManagerNumber40-February2016.pdf",159
"Emergency Manager Reports","Human Resources Department","Human Resources January 2016 Report","https://www.detroitmi.gov/sites/detroitmi.localhost/files/migrated_docs/emergency-manager-reports/HR/EmergencyManagerNumber40-January2016.pdf",160
"Emergency Manager Reports","Human Resources Department","Human Resources December 2015 Report","https://www.detroitmi.gov/sites/detroitmi.localhost/files/migrated_docs/emergency-manager-reports/HR/EmergencyManagerNumber38-December2015.pdf",161
"Emergency Manager Reports","Human Resources Department","Human Resources December 2015 Report","https://www.detroitmi.gov/sites/detroitmi.localhost/files/migrated_docs/emergency-manager-reports/HR/EmergencyManagerNumber40-December2015.pdf",162
"Emergency Manager Reports","Human Resources Department","Human Resources June 2015 Restructuring Report","https://www.detroitmi.gov/sites/detroitmi.localhost/files/migrated_docs/emergency-manager-reports/http://www.detroitmi.govReports/June%202015%20HR%20Restructuring%20Report.pdf",163
"Emergency Manager Reports","Human Resources Department",""May 2015 Report - Submitted June 15"," 2015"","https://www.detroitmi.gov/sites/detroitmi.localhost/files/migrated_docs/emergency-manager-reports/HR/HRD_May 2015.pdf",164
"Emergency Manager Reports","Human Resources Department",""April 2015 Report - Submitted May 14"," 2015"","https://www.detroitmi.gov/sites/detroitmi.localhost/files/migrated_docs/emergency-manager-reports/HR/HRMonthly Report on EM Order Progress - April 2015.pdf",165
"Emergency Manager Reports","Human Resources Department",""February 2015 Report - Submitted March 15"," 2015 .pdf"","https://www.detroitmi.gov/sites/detroitmi.localhost/files/migrated_docs/emergency-manager-reports/HR/HR_031615.pdf",166
"Emergency Manager Reports","Human Resources Department",""January 2015 Report - Submitted February 15"," 2015"","https://www.detroitmi.gov/sites/detroitmi.localhost/files/migrated_docs/emergency-manager-reports/HR/HR_021215.pdf",167
"Emergency Manager Reports","Human Resources Department",""December 2014 Report - Submitted January 15"," 2015"","https://www.detroitmi.gov/sites/detroitmi.localhost/files/migrated_docs/emergency-manager-reports/HR/HR_011515.pdf",168
"Emergency Manager Reports","Human Resources Department",""November 2014 Report - Submitted December 15"," 2014"","https://www.detroitmi.gov/sites/detroitmi.localhost/files/migrated_docs/emergency-manager-reports/HR/HR_121514.pdf",169
"Emergency Manager Reports","Human Resources Department","Human Resources Department Restructuring","https://www.detroitmi.gov/sites/detroitmi.localhost/files/migrated_docs/emergency-manager-reports/Reports/HR_Final.pdf",170
"Emergency Manager Reports","Quarterly Reports",""Quarterly Report (period July 1"," 2014 - September 30"," 2014)"","https://www.detroitmi.gov/sites/detroitmi.localhost/files/migrated_docs/emergency-manager-reports/Reports/EM%20Quarterly%20Update%2010_15_14.pdf",171
"Emergency Manager Reports","Quarterly Reports",""Quarterly Report Under Section 17 of PA 436 June 1"," 2014 - August 31"," 2014"","https://www.detroitmi.gov/sites/detroitmi.localhost/files/migrated_docs/emergency-manager-reports/Reports/Emergency%20Manager%20Report%20Sept2014%202014-9-27%20revised%209%2026%2014_1.pdf",172
"Emergency Manager Reports","Quarterly Reports","Quarterly report regarding the financial condition of the City (as required by Section 9(5) of PA 436)) dated 7/15/14","https://www.detroitmi.gov/sites/detroitmi.localhost/files/migrated_docs/emergency-manager-reports/Reports/7.15.14%20EM%20Quarterly%20Report.pdf",173
"Emergency Manager Reports","Quarterly Reports","Quarterly report dated 6/30/14 describing certain of his actions (as required by Section 17 of PA 436)","https://www.detroitmi.gov/sites/detroitmi.localhost/files/migrated_docs/emergency-manager-reports/Reports/Final%20Combined%20June%20EM%20Report.pdf",174
"Emergency Manager Reports","Quarterly Reports",""Quarterly Report Pursuant to Section 9(5) of the Local Financial Stability and Choice Act (PA 436) January 1"," 2014 - March 31"," 2014"","https://www.detroitmi.gov/sites/detroitmi.localhost/files/migrated_docs/emergency-manager-reports/Reports/EM%20Quarterly%20Update%204_15_14_Final%204%2015%2014_2.pdf",175
"Emergency Manager Reports","Quarterly Reports",""Quarterly Report Under Section 17 of PA 436 (December 1"," 2013 - February 28"," 2014)"","https://www.detroitmi.gov/sites/detroitmi.localhost/files/migrated_docs/emergency-manager-reports/Reports/Quarterly%20Report%20December%202013%20%20February%202014.pdf",176
"Emergency Manager Reports","Quarterly Reports",""Quarterly Report Under Section 17 of PA 436 (September 1"," 2013 - November 30"," 2013)"","https://www.detroitmi.gov/sites/detroitmi.localhost/files/migrated_docs/emergency-manager-reports/Reports/Final%20Combined%20EM%20Report%2012.30.14_1.pdf",177
"Emergency Manager Reports","Quarterly Reports","Quarterly Report (period October 1 - December 31)","https://www.detroitmi.gov/sites/detroitmi.localhost/files/migrated_docs/emergency-manager-reports/Reports/Quarterly%20Report%20100113_123113.pdf",178
"Emergency Manager Reports","Quarterly Reports","Quarterly Report (period October 1 - December 31)","https://www.detroitmi.gov/sites/detroitmi.localhost/files/migrated_docs/emergency-manager-reports/Reports/Quarterly%20Report%20100113_123113.pdf",179
"Emergency Manager Reports","Quarterly Reports","EM Quarterly Report July-Sept 2013","https://www.detroitmi.gov/sites/detroitmi.localhost/files/migrated_docs/emergency-manager-reports/Reports/Emergency%20Manager%20Quarterly%20Report%20July-Sept%202013.pdf",180
"Emergency Manager Reports","Quarterly Reports","EM Quarterly Report July-Sept 2013","https://www.detroitmi.gov/sites/detroitmi.localhost/files/migrated_docs/emergency-manager-reports/Reports/Emergency%20Manager%20Quarterly%20Report%20July-Sept%202013.pdf",181
"Emergency Manager Reports","Quarterly Reports","Quarterly Report (period April 1st - June 30th)","https://www.detroitmi.gov/sites/detroitmi.localhost/files/migrated_docs/emergency-manager-reports/Reports/COD%20Quarterly%20Report%20April%201%20%20June%2030.pdf",182
"Emergency Manager Reports","Department of Innovation and Technology","DoIT April 2017 Report","https://www.detroitmi.gov/sites/detroitmi.localhost/files/migrated_docs/emergency-manager-reports/DOIT/DOIT_081517.pdf",183
"Emergency Manager Reports","Department of Innovation and Technology","DoIT April 2017 Report","https://www.detroitmi.gov/sites/detroitmi.localhost/files/migrated_docs/emergency-manager-reports/DOIT/DOIT_041517.pdf",184
"Emergency Manager Reports","Department of Innovation and Technology","DoIT March 2017 Report","https://www.detroitmi.gov/sites/detroitmi.localhost/files/migrated_docs/emergency-manager-reports/DOIT/DOIT_031517.pdf",185
"Emergency Manager Reports","Department of Innovation and Technology","DoIT December 2016 Report","https://www.detroitmi.gov/sites/detroitmi.localhost/files/migrated_docs/emergency-manager-reports/DOIT/DOIT_121516.pdf",186
"Emergency Manager Reports","Department of Innovation and Technology","DoIT November 2016 Report","https://www.detroitmi.gov/sites/detroitmi.localhost/files/migrated_docs/emergency-manager-reports/DOIT/DOIT_111516.pdf",187
"Emergency Manager Reports","Department of Innovation and Technology","DoIT September 2016 Report","https://www.detroitmi.gov/sites/detroitmi.localhost/files/migrated_docs/emergency-manager-reports/DOIT/DOIT_101516.pdf",188
"Emergency Manager Reports","Department of Innovation and Technology","DoIT June 2015 Restructuring Report","https://www.detroitmi.gov/sites/detroitmi.localhost/files/migrated_docs/emergency-manager-reports/June 2015 DoIT Restructuring Report.pdf",189
"Emergency Manager Reports","Department of Innovation and Technology",""May 2015 Report - Submitted June 11"," 2015"","https://www.detroitmi.gov/sites/detroitmi.localhost/files/migrated_docs/emergency-manager-reports/DOIT/DOIT_061515.pdf",190
"Emergency Manager Reports","Department of Innovation and Technology",""April 2015 Report - Submitted May 18"," 2015"","https://www.detroitmi.gov/sites/detroitmi.localhost/files/migrated_docs/emergency-manager-reports/DOIT/DOIT_051515.pdf",191
"Emergency Manager Reports","Department of Innovation and Technology",""February 2015 Report - Submitted March 15"," 2015"","https://www.detroitmi.gov/sites/detroitmi.localhost/files/migrated_docs/emergency-manager-reports/DOIT/DOIT_031615.pdf",192
"Emergency Manager Reports","Department of Innovation and Technology",""January 2015 Report - Submitted February 15"," 2015"","https://www.detroitmi.gov/sites/detroitmi.localhost/files/migrated_docs/emergency-manager-reports/DOIT/DOIT_021515.pdf",193
"Emergency Manager Reports","Department of Innovation and Technology",""December 2014 Report - Submitted January 15"," 2015"","https://www.detroitmi.gov/sites/detroitmi.localhost/files/migrated_docs/emergency-manager-reports/DOIT/DOIT_011515.pdf",194
"Emergency Manager Reports","Department of Innovation and Technology",""November 2014 Report - Submitted December 15"," 2014"","https://www.detroitmi.gov/sites/detroitmi.localhost/files/migrated_docs/emergency-manager-reports/DOIT/DOIT_121514.pdf",195
"Emergency Manager Reports","Department of Innovation and Technology","Department of Innovation and Technology Restructuring","https://www.detroitmi.gov/sites/detroitmi.localhost/files/migrated_docs/emergency-manager-reports/Reports/DOIT_Final.pdf",196
"Emergency Manager Reports","DIA","Expert DIA Report " Valuation","https://www.detroitmi.gov/sites/detroitmi.localhost/files/migrated_docs/emergency-manager-reports/Reports/Expert%20Witness%20Report%20of%20M%20Plummer.pdf",197
"Emergency Manager Reports","DIA","Christie's DIA Evaluation Letter","https://www.detroitmi.gov/sites/detroitmi.localhost/files/migrated_docs/emergency-manager-reports/Reports/Detroit%20letter_2.pdf",198
"Emergency Manager Reports","DIA","DIA Appraisal Report","https://www.detroitmi.gov/sites/detroitmi.localhost/files/migrated_docs/emergency-manager-reports/Reports/City%20of%20Detroit_FMV%20appraisal_no%20images.pdf",199
"Emergency Manager Reports","DIA","Offices of the Emergency Manager and Mayor: Delegations of Authority and Transition Protocols","https://www.detroitmi.gov/sites/detroitmi.localhost/files/migrated_docs/emergency-manager-reports/Reports/DelegationOfAuthority.pdf",200
"Emergency Manager Reports","DIA",""Emergency Manager Report _ Pursuant to Section 17 of Local Financial Stability and Choice Act _ September 30"," 2013"",""https://www.detroitmi.gov/sites/detroitmi.localhost/files/migrated_docs/emergency-manager-reports/Reports/Emergency%20Manager%20Report%20_%20September%2030","%202013.pdf"",201
"Emergency Manager Reports","DIA","Approval of the Lease of Belle Isle Park between the City of Detroit and the State of Michigan","https://www.detroitmi.gov/sites/detroitmi.localhost/files/migrated_docs/emergency-manager-reports/Reports/Lease%20of%20Belle%20Isle%20Park_1.pdf",202
"Professional Service Contracts","","Miller Buckfire - CPO 2874157 CO No 1","https://www.detroitmi.gov/sites/detroitmi.localhost/files/migrated_docs/emergency-manager-reports/Contracts/Miller%20Buckfire%20-%20CPO%202874157%20CO%20No%201.pdf",203
"Emergency Manager Reports","DIA","Audit Report of the Office of the Auditor General and the Office of the Inspector General in response to Emergency Manager Order No. 8.","https://www.detroitmi.gov/sites/detroitmi.localhost/files/migrated_docs/emergency-manager-reports/Reports/EMO8%20FINAL%20REPORT%20Sept%2026%202013.pdf",204
"Emergency Manager Reports","DIA","Kevyn Orr Deposition","https://www.detroitmi.gov/sites/detroitmi.localhost/files/migrated_docs/emergency-manager-reports/Reports/ORR_KEVYN_4PP.pdf",205
"Emergency Manager Reports","DIA","Proposal for Creditors Executive Summary Presented on June 14","https://www.detroitmi.gov/sites/detroitmi.localhost/files/migrated_docs/emergency-manager-reports/Reports/City%20of%20Detroit%20Executive%20Summary%2061413.pdf",206
"Emergency Manager Reports","DIA","Proposal for Creditors Presented on June 14","https://www.detroitmi.gov/sites/detroitmi.localhost/files/migrated_docs/emergency-manager-reports/Reports/City%20of%20Detroit%20Proposal%20for%20Creditors1.pdf",207
"Emergency Manager Reports","DIA",""Financial and Operating Plan Slides presented at EM Meeting on June 10"," 2013"","https://www.detroitmi.gov/sites/detroitmi.localhost/files/migrated_docs/emergency-manager-reports/Reports/6_10_13%20Community%20Mtg%20_Financial%20and%20Operating%20Plan%20Slides.pdf",208
"Emergency Manager Reports","DIA","Emergency Manager's Financial and Operating Plan for the City of Detroit","https://www.detroitmi.gov/sites/detroitmi.localhost/files/migrated_docs/emergency-manager-reports/Reports/City%20of%20Detroit%20-%20Final%20Financial%20"%20Operational%20Plan%20_45%20Day%20Pl.pdf",209
"Emergency Manager Reports","DIA","Proposal for Creditors Executive Summary Presented on June 14","https://www.detroitmi.gov/sites/detroitmi.localhost/files/migrated_docs/emergency-manager-reports/Reports/City%20of%20Detroit%20Executive%20Summary%2061413.pdf",210
"Emergency Manager Reports","DIA","Proposal for Creditors Presented on June 14","https://www.detroitmi.gov/sites/detroitmi.localhost/files/migrated_docs/emergency-manager-reports/Reports/City%20of%20Detroit%20Proposal%20for%20Creditors1.pdf",211
"Emergency Manager Reports","DIA",""Financial and Operating Plan Slides presented at EM Meeting on June 10"," 2013"","https://www.detroitmi.gov/sites/detroitmi.localhost/files/migrated_docs/emergency-manager-reports/Reports/6_10_13%20Community%20Mtg%20_Financial%20and%20Operating%20Plan%20Slides.pdf",212
"Emergency Manager Reports","DIA","Emergency Manager's Financial and Operating Plan for the City of Detroit","https://www.detroitmi.gov/sites/detroitmi.localhost/files/migrated_docs/emergency-manager-reports/Reports/City%20of%20Detroit%20-%20Final%20Financial%20"%20Operational%20Plan%20_45%20Day%20Pl.pdf",213
"Professional Service Contracts","","Abernathy MacGregor - #2879816 - Amendment No 1 - EM's Office","https://www.detroitmi.gov/sites/detroitmi.localhost/files/migrated_docs/emergency-manager-reports/Contracts/Abernathy%20MacGregor%20-%202879816%20-%20Amendment%20No%201%20-%20EMs%20Ofc.pdf",214
"Professional Service Contracts","","Abernathy MacGregor - #2879816 - EM's Office","https://www.detroitmi.gov/sites/detroitmi.localhost/files/migrated_docs/emergency-manager-reports/Contracts/Abernathy%20MacGregor%20-%202879816%20-EMs%20Ofc.pdf",215
"Professional Service Contracts","","Christies Appraisals Inc - EM Agreement","https://www.detroitmi.gov/sites/detroitmi.localhost/files/migrated_docs/emergency-manager-reports/Contracts/Christies%20Appraisals%20Inc%20-%20EM%20Agreement.pdf",216
"Professional Service Contracts","","Conway MacKenzie Inc Amendment No 1 - CPO 2874390","https://www.detroitmi.gov/sites/detroitmi.localhost/files/migrated_docs/emergency-manager-reports/Contracts/Conway%20MacKenzie%20Inc%20Amendment%20No%201%20-%20CPO%202874390.pdf",217
"Professional Service Contracts","",""Conway MacKenzie"," Inc. - #2874390 - Finance"",""https://www.detroitmi.gov/sites/detroitmi.localhost/files/migrated_docs/emergency-manager-reports/Contracts/Conway%20MacKenzie","%20Inc.%20-%202874390%20-%20Finance.pdf"",218
"Professional Service Contracts","","Duffey Petosky and Company - #2878454 - EM's Office","https://www.detroitmi.gov/sites/detroitmi.localhost/files/migrated_docs/emergency-manager-reports/Contracts/Duffey%20Petosky%20and%20Company%20-%202878454%20-%20EMs%20Ofc.pdf",219
"Professional Service Contracts","",""Ernst " Young LLP"," CO 1 thru 5 - #2848583 - Finance"",""https://www.detroitmi.gov/sites/detroitmi.localhost/files/migrated_docs/emergency-manager-reports/Contracts/Ernst%20and%20Young%20LLP","%20CO%201%20thru%205%20-%202848583%20-Finance.pdf"",220
"Professional Service Contracts","",""Ernst " Young LLP"," CO#6-#2848583"","https://www.detroitmi.gov/sites/detroitmi.localhost/files/migrated_docs/emergency-manager-reports/Contracts/Ernst%20and%20Young%20LLP%20CO%206-2848583%20-Finance.pdf",221
"Professional Service Contracts","","Ernst and Young - CPO 2848583 - Amendment No 7 Statement Of Wor","https://www.detroitmi.gov/sites/detroitmi.localhost/files/migrated_docs/emergency-manager-reports/Contracts/Ernst%20and%20Young%20-%20CPO%202848583%20-%20Amendment%20No%207%20Statement%20Of%20Work.pdf",222
"Professional Service Contracts","","Jones Day - #2877753 - Law","https://www.detroitmi.gov/sites/detroitmi.localhost/files/migrated_docs/emergency-manager-reports/Contracts/Jones%20Day%20-%202877753%20-%20Law.pdf",223
"Professional Service Contracts","","Manhattan Institute - Bratton Group - #2881420","https://www.detroitmi.gov/sites/detroitmi.localhost/files/migrated_docs/emergency-manager-reports/Contracts/Manhattan%20Institute%20-%20Bratton%20Group%20-%202881420.pdf",224
"Professional Service Contracts","","Miller Buckfire Amendment 1 to CO 1 -#2874157","https://www.detroitmi.gov/sites/detroitmi.localhost/files/migrated_docs/emergency-manager-reports/Miller%20Buckfire%20Amendment%201%20to%20CO%201%20-2874157.pdf",225
"Professional Service Contracts","","Miller Buckfire - #2874157 - Finance","https://www.detroitmi.gov/sites/detroitmi.localhost/files/migrated_docs/emergency-manager-reports/Contracts/Miller%20Buckfire-2874157-Finance.pdf",226
"Professional Service Contracts","","Miller Canfield - CPO 2879666","https://www.detroitmi.gov/sites/detroitmi.localhost/files/migrated_docs/emergency-manager-reports/Contracts/Miller%20Canfield%20-%20CPO%202879666.pdf",227
"Professional Service Contracts","","Miller Canfield CO No 1 - CPO 2870456","https://www.detroitmi.gov/sites/detroitmi.localhost/files/migrated_docs/emergency-manager-reports/Contracts/Miller%20Canfield%20CO%20No%201%20-%20CPO%202870456.pdf",228
"Professional Service Contracts","",""Milliman"," Inc. - #2870758 and CO #1-Finance"","https://www.detroitmi.gov/sites/detroitmi.localhost/files/migrated_docs/emergency-manager-reports/Contracts/Milliman%20Inc.-2870758%20and%20CO%201-Finance.pdf",229
"Professional Service Contracts","","Pepper Hamilton LLP Agreement Letter of Engagement","https://www.detroitmi.gov/sites/detroitmi.localhost/files/migrated_docs/emergency-manager-reports/Contracts/Pepper%20Hamilton%20LLP%20Agreement%20Letter%20of%20Engagement.pdf",230
"Professional Service Contracts","",""Plante " Moran"," PLLC - CO 1 thru 5 - #2842386-Finance"","https://www.detroitmi.gov/sites/detroitmi.localhost/files/migrated_docs/emergency-manager-reports/Contracts/Plante%20and%20Moran%20PLLC%20-%20CO%201%20thru%205%20-%202842386-Finance.pdf",231
"Professional Service Contracts","","RR Donnelley Venue-Financial - #2881676 - EM's Office","https://www.detroitmi.gov/sites/detroitmi.localhost/files/migrated_docs/emergency-manager-reports/Contracts/RR%20Donnelley%20Venue-Financial%20-%202881676%20-%20EMs%20Ofc.pdf",232
"Professional Service Contracts","","Stevenson Keppelman Associates - #2877838-Law","https://www.detroitmi.gov/sites/detroitmi.localhost/files/migrated_docs/emergency-manager-reports/Contracts/Stevenson%20Keppelman%20Associates%20-%202877838-Law.pdf",233
"Emergency Manager Orders","","Final Emergency Manager Order 44","https://www.detroitmi.gov/sites/detroitmi.localhost/files/migrated_docs/emergency-manager-reports/Final%20Emergency%20Manager%20Order%2044.pdf",234
"Emergency Manager Orders","",""Order to Adopt the Amended and Restated Combined Plan for the General Retirement System of the City of Detroit"," Michigan"," and the Amended and Restated Combined Plan for the Police and Fire Retirement System of the City of Detroit"," Michigan"","https://www.detroitmi.gov/sites/detroitmi.localhost/files/migrated_docs/emergency-manager-reports/Order%2043.pdf",235
"Emergency Manager Orders","","Combined Plan for General Retirement Systems","https://www.detroitmi.gov/sites/detroitmi.localhost/files/migrated_docs/emergency-manager-reports/COMBINED%20PLAN%20_%20General%20Retirement%20Systems.pdf",236
"Emergency Manager Orders","","Combined Plan for Police and Fire Retirement Systems","https://www.detroitmi.gov/sites/detroitmi.localhost/files/migrated_docs/emergency-manager-reports/COMBINED%20PLAN%20_%20Police%20and%20Fire%20Retirement%20Systems.pdf",237
"Emergency Manager Orders","","Order Addressing Issues relating to the Conclusion of the Emergency Manager's Tenure and Transition of City Operations to the Mayor and City Council","https://www.detroitmi.gov/sites/detroitmi.localhost/files/migrated_docs/emergency-manager-reports/Order%20Addressing%20Issues%20relating%20to%20the%20Conclusion%20of%20the%20Emergency%20Manager%27s%20Tenure%20and%20Transition%20of%20City%20Operations%20to%20the%20Mayor%20and%20City%20Council.pdf",238
"Emergency Manager Orders","","Order Establishing Centralized Financial Management and Organizational Structure","https://www.detroitmi.gov/sites/detroitmi.localhost/files/migrated_docs/emergency-manager-reports/Order%20Establishing%20Centralized%20Financial%20Management%20Organizational%20Structure.pdf",239
"Emergency Manager Orders","","Order Restructuring the Human Resources Department","https://www.detroitmi.gov/sites/detroitmi.localhost/files/migrated_docs/emergency-manager-reports/Order%20Restructuring%20the%20Human%20Resources%20Department.pdf",240
"Emergency Manager Orders","","Order to Create the Department of Innovation and Technology","https://www.detroitmi.gov/sites/detroitmi.localhost/files/migrated_docs/emergency-manager-reports/Order%20to%20Create%20the%20Department%20of%20Innovation%20and%20Technology.pdf",241
"Emergency Manager Orders","","Public Lighting Authority Interlocal Agreement - CF Execution","https://www.detroitmi.gov/sites/detroitmi.localhost/files/migrated_docs/emergency-manager-reports/PLA%20Interlocal%20Agreement%20-%20CF%20Execution%20Version%20Liscombe_1.pdf",242
"Emergency Manager Orders","","Order Modifying Planning and Development Department and Establishing Housing and Rehabilitation Department","https://www.detroitmi.gov/sites/detroitmi.localhost/files/migrated_docs/emergency-manager-reports/Order%20Modifying%20Planning%20and%20Development%20Department%20and%20Establishing%20Housing%20and%20Revitalization%20Department.pdf",243
"Emergency Manager Orders","","Corrected copy of EM Order No. 37",""https://www.detroitmi.gov/sites/detroitmi.localhost/files/migrated_docs/emergency-manager-reports/Order 37 - corrected exhibit version - Order Modifying"," Amending"," Replacing"," Supplementing"," And Otherwise Revising EM Order No. 35.pdf?ver=2015-09-17-101901-800"",244
"Emergency Manager Orders","",""Order to Repeal Chapter 14"," Article VI of the 1984 Detroit City Code"","https://www.detroitmi.gov/sites/detroitmi.localhost/files/migrated_docs/emergency-manager-reports/EM%20Order%2036.pdf",245
"Emergency Manager Orders","","Order to Amend Chapter 18 of the 1984 Detroit City Code","https://www.detroitmi.gov/sites/detroitmi.localhost/files/migrated_docs/emergency-manager-reports/EM%20Order%2035.pdf",246
"Emergency Manager Orders","","Order Approving the Articles of Incorporation of Great Lakes Water Authority and Related Transactions","https://www.detroitmi.gov/sites/detroitmi.localhost/files/migrated_docs/emergency-manager-reports/EM%20Order%2034_Approving%20DWSD%20Authority%20.pdf",247
"Emergency Manager Orders","","Order Suspending Certain City Demolition Requirements to Address Blight","https://www.detroitmi.gov/sites/detroitmi.localhost/files/migrated_docs/emergency-manager-reports/Order%20No%2033%20Order%20Suspending%20Certain%20City%20Demolition%20Requirements%20to%20Address%20Blight.pdf",248
"Emergency Manager Orders","","Order #32 Order Directing the Office of Homeland Security and Emergency Management to Report to the Mayor","https://www.detroitmi.gov/sites/detroitmi.localhost/files/migrated_docs/emergency-manager-reports/Order%20Directing%20the%20Office%20of%20Homeland%20Security%20and%20Emergency%20Management%20to%20Report%20to%20the%20Mayor.pdf",249
"Emergency Manager Orders","","Order Supplementing Order No. 20","https://www.detroitmi.gov/sites/detroitmi.localhost/files/migrated_docs/emergency-manager-reports/Order%2031.pdf",250
"Emergency Manager Orders","",""Order to Adopt and Provide for Implementation of the Combined Plan for the General Retirement System of the City of Detroit"," Michigan"","https://www.detroitmi.gov/sites/detroitmi.localhost/files/migrated_docs/emergency-manager-reports/Order%2030%20to%20Adopt%20and%20Provide%20for%20Implementation%20of%20the%20Combined%20Plan%20for%20the%20General%20Retirement%20System.pdf",251
"Emergency Manager Orders","",""Order to Adopt and Provide for Implementation of the Combined Plan for the Police and Fire Retirement System of the City of Detroit"," Michigan"","https://www.detroitmi.gov/sites/detroitmi.localhost/files/migrated_docs/emergency-manager-reports/Order%2029%20to%20Adopt%20and%20Provide%20for%20Implementation%20of%20the%20Combined%20Plan%20for%20the%20Police%20and%20Fire%20Retirement.pdf",252
"Emergency Manager Orders","","Order Implementing Wage Increases for Certain Non-Union City Employees","https://www.detroitmi.gov/sites/detroitmi.localhost/files/migrated_docs/emergency-manager-reports/Order%2028%20Order%20Implementing%20Wage%20Increases%20for%20Certain%20Non-Union%20City%20Employees.pdf",253
"Emergency Manager Orders","","Order Establishing Grants Management Department","https://www.detroitmi.gov/sites/detroitmi.localhost/files/migrated_docs/emergency-manager-reports/Order%2027%20Establishing%20Grants%20Management%20Department.pdf",254
"Emergency Manager Orders","","Order to Amend Chapter 47 of the 1984 Detroit City Code","https://www.detroitmi.gov/sites/detroitmi.localhost/files/migrated_docs/emergency-manager-reports/Order%2026%20to%20Amend%20Chapter%2047%20of%20the%201984%20Detroit%20City%20Code.pdf",255
"Emergency Manager Orders","","Order to Amend Chapter 54 of the 1964 Detroit City Code and Chapter 47 of the 1984 Detroit City Code","https://www.detroitmi.gov/sites/detroitmi.localhost/files/migrated_docs/emergency-manager-reports/Order%2025%20to%20Amend%20Chapter%2054%20of%20the%201964%20Detroit%20City%20Code%20and%20Chapter%2047%20of%20the%201984%20Detroit%20City.pdf",256
"Emergency Manager Orders","","Order #24 Order to Amend Chapter 55 of the 1984 Detroit City Code","https://www.detroitmi.gov/sites/detroitmi.localhost/files/migrated_docs/emergency-manager-reports/Order%2024.pdf",257
"Emergency Manager Orders","","Order Modifying Order No. 21","https://www.detroitmi.gov/sites/detroitmi.localhost/files/migrated_docs/emergency-manager-reports/Order%2023.pdf",258
"Emergency Manager Orders","","Order Ratifying and Approving Resolution of the Board of Water Commissioners authorizing publication of Note of Intent to issue Sewage Disposal System Revenue Bonds","https://www.detroitmi.gov/sites/detroitmi.localhost/files/migrated_docs/emergency-manager-reports/Order%2022.pdf",259
"Emergency Manager Orders","","Order Restoring the Salary and Benefits of the Mayor and Adopting the Agreement Between the Emergency Manger and Mayor Duggan Concerning Delegations of Authority and Transition Protocols","https://www.detroitmi.gov/sites/detroitmi.localhost/files/migrated_docs/emergency-manager-reports/Order%2020.pdf",260
"Emergency Manager Orders","","Order 19 - Elimination of Budget-Required Furloughs affecting certain non-union City employees","https://www.detroitmi.gov/sites/detroitmi.localhost/files/migrated_docs/emergency-manager-reports/Order%2019.pdf",261
"Emergency Manager Orders","","Approval of Certain Agreements Related to the Public Lighting Authority","https://www.detroitmi.gov/sites/detroitmi.localhost/files/migrated_docs/emergency-manager-reports/Order%2018.pdf",262
"Emergency Manager Orders","","Public Lighting Authority Interlocal Agreement - OM Execution","https://www.detroitmi.gov/sites/detroitmi.localhost/files/migrated_docs/emergency-manager-reports/PLA%20Interlocal%20Agreement%20-%20OM%20Execution%20Version_2.pdf",263
"Emergency Manager Orders","","Public Lighting Authority Amended and Restated Trust Agreement","https://www.detroitmi.gov/sites/detroitmi.localhost/files/migrated_docs/emergency-manager-reports/PLA%20Amended%20and%20Restated%20Trust%20Agreement_2.pdf",264
"Emergency Manager Orders","","Order 17 Post Petition Financing","https://www.detroitmi.gov/sites/detroitmi.localhost/files/migrated_docs/emergency-manager-reports/Order%2017.pdf",265
"Emergency Manager Orders","","Order Directing certain City Employees to provide information to the Emergency Manager","https://www.detroitmi.gov/sites/detroitmi.localhost/files/migrated_docs/emergency-manager-reports/Order%2016.pdf",266
"Emergency Manager Orders","","Emergency Manager Order 15","https://www.detroitmi.gov/sites/detroitmi.localhost/files/migrated_docs/emergency-manager-reports/Order%2015.pdf",267
"Emergency Manager Orders","",""Approval of Trust Agreement Between and Among the City of Detroit"," the Public Lighting Authority"," and the Trustee"","https://www.detroitmi.gov/sites/detroitmi.localhost/files/migrated_docs/emergency-manager-reports/Order%2014.pdf",268
"Emergency Manager Orders","","Order #13: Filing of a Petition Under Chapter 9 of Title 11 of the United States Code","https://www.detroitmi.gov/sites/detroitmi.localhost/files/migrated_docs/emergency-manager-reports/Order%2013.pdf",269
"Emergency Manager Orders","","Order adopting Fiscal Year 2014 Budget as previously approved by the Detroit City Council and as amended by the Emergency Manager","https://www.detroitmi.gov/sites/detroitmi.localhost/files/migrated_docs/emergency-manager-reports/Order%2012.pdf",270
"Emergency Manager Orders","","Order appointing James Craig Chief of Police of the City of Detroit Police Department","https://www.detroitmi.gov/sites/detroitmi.localhost/files/migrated_docs/emergency-manager-reports/Order%2011.pdf",271
"Emergency Manager Orders","","Order Suspending the Charter Requirement to fill Vacancies on the Detroit City Council","https://www.detroitmi.gov/sites/detroitmi.localhost/files/migrated_docs/emergency-manager-reports/Order%2010.pdf",272
"Emergency Manager Orders","","Order No. 9: Order Modifying Orders Nos. 1 and 3","https://www.detroitmi.gov/sites/detroitmi.localhost/files/migrated_docs/emergency-manager-reports/Order%209.pdf",273
"Emergency Manager Orders","",""Joint Investigation by the Inspector General and Auditor General into possible waste"," abuse"," fraud"," and corruption associated with the City's Employee Benefits Programs"","https://www.detroitmi.gov/sites/detroitmi.localhost/files/migrated_docs/emergency-manager-reports/Order%208.pdf",274
"Emergency Manager Orders","","Coordination of Housing and Urban Development Appropriations","https://www.detroitmi.gov/sites/detroitmi.localhost/files/migrated_docs/emergency-manager-reports/Order%207.pdf",275
"Emergency Manager Orders","","Approval of initial funding agreement for the Public Lighting Authority","https://www.detroitmi.gov/sites/detroitmi.localhost/files/migrated_docs/emergency-manager-reports/Order%206.pdf",276
"Emergency Manager Orders","","Restrictions on Transfer of Real Property Owned by the City of Detroit","https://www.detroitmi.gov/sites/detroitmi.localhost/files/migrated_docs/emergency-manager-reports/Order%205.pdf",277
"Emergency Manager Orders","","Approval of the Contract for Professional Legal Services Between the City of Detroit and Jones Day","https://www.detroitmi.gov/sites/detroitmi.localhost/files/migrated_docs/emergency-manager-reports/Order%204.pdf",278
"Emergency Manager Orders","","Authorization for the Detroit Mayor and City Council to conduct the day-to-day business of the City","https://www.detroitmi.gov/sites/detroitmi.localhost/files/migrated_docs/emergency-manager-reports/Order%203.pdf",279
"Emergency Manager Orders","","Approval of the Financial Contribution by Corporate Donors of Ambulances and Police Cruisers","https://www.detroitmi.gov/sites/detroitmi.localhost/files/migrated_docs/emergency-manager-reports/Order2.pdf",280
"Emergency Manager Orders","","Restoration of Salary and Benefits of Mayor and City Council","https://www.detroitmi.gov/sites/detroitmi.localhost/files/migrated_docs/emergency-manager-reports/Order1.pdf",281
"EM Contract and Statute","","Michigan State Act 436 of 2012","https://www.detroitmi.gov/sites/detroitmi.localhost/files/migrated_docs/emergency-manager-reports/http://www.legislature.mi.gov/(S(ooxzjqhn50asdl254bz3mfgw))/mileg.aspx?page=getObject"objectName=mcl-Act-436-of-2012",282
"EM Contract and Statute","","City of Detroit Emergency Manager Contract","https://www.detroitmi.gov/sites/detroitmi.localhost/files/migrated_docs/emergency-manager-reports/Contracts/Emergency Manager Contract_3.27.2013_FINAL_1.pdf",283
